{
        "Very creative":99,
        "Open to trying new things":83,
        "Focused on tackling new challenges":61,
        "Happy to think about abstract concepts":63,
        "Dislikes change":35,
        "Does not enjoy new things":48,
        "Resists new ideas":51,
        "Not very imaginative":82,
        "Dislikes abstract or theoretical concepts":83,
        "Spends time preparing":25,
        "Finishes important tasks right away":60,
        "Pays attention to detail":60,
        "Enjoys having a set schedule":31,
        "Dislikes structure and schedules":71,
        "Makes messes and does not take care of things":89,
        "Fails to return things or put them back where they belong":46,
        "Fails to complete necessary or assigned tasks":39,
        "Enjoys being the center of attention":68,
        "Likes to start conversations":83,
        "Enjoys meeting new people":99,
        "Has a wide social circle of friends and acquaintances":35,
        "Finds it easy to make new friends":32,
        "Feels energized when around other people":66,
        "Say things before thinking about them":69,
        "Prefers solitude":81,
        "Feels exhausted when having to socialize a lot":73,
        "Finds it difficult to start conversations":29,
        "Dislikes making small talk":61,
        "Carefully thinks things through before speaking":97,
        "Dislikes being the center of attention":30,
        "Has a great deal of interest in other people":46,
        "Cares about others":95,
        "Enjoys helping and contributing to the happiness of other people":99,
        "Assists others who are in need of help":30,
        "Takes little interest in others":90,
        "does not care about how other people feel":44,
        "Has little interest in other peoples problems":73,
        "Insults and belittles others":94,
        "Manipulates others to get what they want":90,
        "Experiences a lot of stress":50,
        "Worries about many different things":66,
        "Gets upset easily":90,
        "Experiences dramatic shifts in mood":64,
        "Feels anxious":93,
        "Struggles to bounce back after stressful events":75,
        "Emotionally stable":75,
        "Deals well with stress":32,
        "Rarely feels sad or depressed":68,
        "does not worry much":26,
        "Is very relaxed":79
 }