{
    "Openness": {"High": ["Very creative", "Open to trying new things", "Focused on tackling new challenges", "Happy to think about abstract concepts"], 
        "Low": ["Dislikes change", "Does not enjoy new things", "Resists new ideas", "Not very imaginative", "Dislikes abstract or theoretical concepts"]}, 
    "Conscientiousness": {"High": ["Spends time preparing", "Finishes important tasks right away", "Pays attention to detail", "Enjoys having a set schedule"], 
        "Low": ["Dislikes structure and schedules", "Makes messes and does not take care of things", "Fails to return things or put them back where they belong", "Fails to complete necessary or assigned tasks"]}, 
    "Extraversion": {"High": ["Enjoys being the center of attention", "Likes to start conversations", "Enjoys meeting new people", "Has a wide social circle of friends and acquaintances", "Finds it easy to make new friends", "Feels energized when around other people", "Say things before thinking about them"], 
        "Low": ["Prefers solitude", "Feels exhausted when having to socialize a lot", "Finds it difficult to start conversations", "Dislikes making small talk", "Carefully thinks things through before speaking", "Dislikes being the center of attention"]}, 
    "Agreeableness": {"High": ["Has a great deal of interest in other people", "Cares about others", "Enjoys helping and contributing to the happiness of other people", "Assists others who are in need of help"], 
        "Low": ["Takes little interest in others", "Does not care about how other people feel", "Has little interest in other peoples problems", "Insults and belittles others", "Manipulates others to get what they want"]}, 
    "Neuroticism": {"High": ["Experiences a lot of stress", "Worries about many different things", "Gets upset easily", "Experiences dramatic shifts in mood", "Feels anxious", "Struggles to bounce back after stressful events"], 
        "Low": ["Emotionally stable", "Deals well with stress", "Rarely feels sad or depressed", "Does not worry much", "Is very relaxed"]}, 
    "all_chars": ["Very creative", "Open to trying new things", "Focused on tackling new challenges", "Happy to think about abstract concepts", "Dislikes change", "Does not enjoy new things", "Resists new ideas", "Not very imaginative", "Dislikes abstract or theoretical concepts", "Spends time preparing", "Finishes important tasks right away", "Pays attention to detail", "Enjoys having a set schedule", "Dislikes structure and schedules", "Makes messes and does not take care of things", "Fails to return things or put them back where they belong", "Fails to complete necessary or assigned tasks", "Enjoys being the center of attention", "Likes to start conversations", "Enjoys meeting new people", "Has a wide social circle of friends and acquaintances", "Finds it easy to make new friends", "Feels energized when around other people", "Say things before thinking about them", "Prefers solitude", "Feels exhausted when having to socialize a lot", "Finds it difficult to start conversations", "Dislikes making small talk", "Carefully thinks things through before speaking", "Dislikes being the center of attention", "Has a great deal of interest in other people", "Cares about others", "Enjoys helping and contributing to the happiness of other people", "Assists others who are in need of help", "Takes little interest in others", "Does not care about how other people feel", "Has little interest in other people's problems", "Insults and belittles others", "Manipulates others to get what they want", "Experiences a lot of stress", "Worries about many different things", "Gets upset easily", "Experiences dramatic shifts in mood", "Feels anxious", "Struggles to bounce back after stressful events", "Emotionally stable", "Deals well with stress", "Rarely feels sad or depressed", "Does not worry much", "Is very relaxed"]
}